sl. No.,Medical Shop Name,Latitude,Longitude,Side of Kolkata,Area
1,Lifeline Pharmacy,22.62011,88.436777,North,Rajarhat-baguiati
2,Health and Vision Pharmacy,22.62232,88.438869,North,Rajarhat-baguiati
3,Apollo Pharmacy Teghoria Main Rd,22.62159,88.435699,North,Rajarhat-baguiati
4,SPANDAN HOSPITAL,22.620723,88.432914,North,Rajarhat-baguiati
5,MedPlus Jangra Kali Mandir,22.616673,88.434032,North,Rajarhat-baguiati
6,Charnock Hospital,22.626015,88.434766,North,Chinnarpark-newtown
7,MediKol Pharmacy,22.626635,88.438754,North,Chinarpark
8,Avenue Nursing Home,22.620763,88.429712,North,Baguiati
9,"ILS Hospitals, Dumdum",22.624599,88.41712,North,Dumdum
10,MedPlus Satgachi,22.620978,88.420913,North,Dumdum
11,Apollo Pharmacy Arjunpur Bazar,22.620101,88.42334,North,Dumdum
12,Apollo Pharmacy Raghunathpur,22.6214,88.431213,North,Baguiati
13,Satyadeep Medical Hall,22.635849,88.422458,North,Dumdum
14,Sandhya Medical Hall,22.64814,88.407392,North,North dumdum
15,Akshoy Medical Store,22.627296,88.39811,North,Dumdum
16,Baranagar State General Hospital,22.638599,88.380364,North,Baranagar
17,MedPlus Bangalaxmi Bazaar,22.638867,88.381222,North,Baranagar
18,B.S. PHARMED,22.638988,88.382836,North,Baranagar
19,Bonhoogly Hospital,22.643048,88.383078,North,Baranagar
20,Astha Nursing Home,22.630026,88.378804,North,Sinthee/Dunlop
21,Apollo Pharmacy Sinthi,22.630641,88.382913,North,Sinthee/Dunlop
22,Living Healthy 24 - Pharmacy,22.611742,88.40711,North,Laketown
23,Medicplus,22.611059,88.408859,North,Laketown
24,Bangur Medical Center,22.610821,88.408432,North,Laketown
25,Davaindia Prime,22.610931,88.40949,North,Bangur
26,1Med - Bangur,22.610362,88.409627,North,Bangur
27,Ganga Pharmacy,22.611152,88.418805,North,Dumdum Park
28,VIP APEX MEDICAL CENTRE PVT LTD,22.612754,88.42962,North,Baguiati
29,Goodace Hospital,22.602367,88.423108,North,Kestopur
30,Apollo Pharmacy Lake Town,22.601262,88.406097,North,Laketown
31,Metro Pharma,22.598456,88.399827,North,Laketown
32,Dafodil Hospital,22.600765,88.405006,North,Laketown
33,Frankross Pharmacy Park View Hospital,22.596408,88.400331,North,Laketownn
34,"ESI HOSPITAL, MANICKTALA",22.586324,88.39262,North,Maniktala
35,Saha Medical Stores,22.584686,88.390142,North,Kakurgachi
36,RG KAR MEDICAL COLLEGE,22.604601,88.37827,North,Shyambazar
37,Eskag Sanjeevani Multispecialty Hospital,22.604273,88.367733,North,Baghbazar
38,Dreamland Pharmacy,22.599944,88.372039,North,Shyambazar
39,Sterling Hospital,22.600191,88.367635,North,Shyambazar
40,Shyambazar Medical Stores,22.5988,88.3729,North,shyambazar
41,Apollo Pharmacy BK Paul,22.596108,88.362232,North,Sobhabazar
42,MedPlus Khanna,22.594974,88.374678,North,Khanna
43,J.B. Roy State Ayurvedic Medical College & Hospital,22.598128,88.377418,North,Shyambazar
44,Metro Pharma,22.60076,88.373965,North,Shyambazar
45,Life Line,22.601814,88.373251,North,Shyambazar
46,Baghbazar Drug Hall,22.60317,88.37268,North,Baghbazar
47,Nag Medical stores,22.594763,88.35842,North,Ahiritola
48,Medi Pharma,22.592381,88.357708,North,Ahiritola
49,Apollo pharmacy Jorabagan,22.591667,88.359756,North,Ahiritola
50,Kundu pharmacy,22.590248,88.358335,North,Jorabagan
51,Charnock Lohia Hospital,22.58808,88.358876,central,barabazar
52,Apollo Pharmacy sreemani market,22.58555,88.367074,North,Machuabazar
53,"ESI HOSPITAL, MANICKTALA",22.585872,88.392603,North,Maniktala
54,Apollo Pharmacy Ultadanga,22.591859,88.39286,North,Maniktala
55,MedPlus Ultadanga,22.590919,88.391592,North,Maniktala
56,"ILS Hospitals, Salt lake",22.594071,88.410879,East,Salt Lake
57,Bidhannagar Sub-Divisional Hospital,22.591103,88.410682,East,Salt Lake
58,Salt Lake Sector 3 Pharmacy,22.5872,88.4143,East,Salt lake
59,Parkview Super Speciality Hospital,22.575953,88.417135,East,Salt Lake
60,Anandalok Hospital,22.584803,88.423094,East,Salt Lake
61,Calcutta Medicine Centre,22.578947,88.361336,Central,College Street
62,Omkar Medical Stores,22.577046,88.353421,Central,Bara bazar
63,Kanhaiya Life Care Medicine,22.576242,88.353569,Central,Bara bazar
64,Calcutta School Of Tropical Medicine (STM),22.575044,88.359921,Central,College street
65,Frank Ross Pharmacy — College Street,22.5749,88.3634,Central,College street
66,Medical College Kolkata,22.573249,88.361661,Central,College Street
67,Dhanwantary Medical — Esplanade,22.5637,88.3524,Central,Esplanade
68,Deys Medical Stores Pvt Ltd,22.560485,88.351969,Central,New market
69,Leela Pharmacy,22.565216,88.368359,Central,Sealdah
70,The Globe Pharmacy,22.563912,88.367782,Central,Sealdah
71,KAR MEDICAL STORES,22.563622,88.367742,Central,Sealdah
72,Allied Medical Hall,22.562748,88.367356,Central,Sealdah
73,NRS Medical College (Emergency),22.5644,88.3722,Central,Sealdah
74,Calcutta National Medical College & Hospital,22.546308,88.371271,Central,Beniapukur
75,D.N.De Homoeopathic Medical College & Hospital,22.552025,88.385042,East,Tangra
76,Saharogya Pharmacy,22.575625,88.39138,East,Phoolbagan
77,Medical Stores,22.569775,88.389964,East,Beleghata
78,Beleghata Medical Hall,22.56969,88.390215,East,Beleghata
79,DIVINE MULTISPECIALITY HOSPITAL,22.56633,88.39284,East,Beleghata
80,MEDICINE HOME,22.563252,88.396315,East,Beleghata
81,ID & BG Hospital ,22.563529,88.39859,East,Beleghata
82,Medicine World,22.562001,88.407094,East,Beleghata
83,Ruby General Hospital,22.513777,88.402872,East,Kasba
84,Peerless Hospital,22.484321,88.393108,East,Panchasayar
85,SSKM Hospital,22.539562,88.341735,South,Bhowanipore
86,Dhanwantary Pharmacy,22.538488,88.344679,South,Bhowanipore
87,JPG Pharmacy,22.523238,88.345879,South,Hazra
88,KOLKATA MEDICINE SHOP,22.536948,88.384349,South,Picnic Garden
89,KOLKATA MEDICINE SHOP,22.531097,88.384893,South,Picnic Garden
90,Apollo Pharmacy — Gariahat,22.5183,88.3651,South,Gariahat
91,MEDPLUS BALLYGUNGE,22.520719,88.370529,South,Gariahat
92,Radharani Medical Corner,22.527371,88.351562,South,Bhowanipore
93,SHIBA MEDICO,22.516221,88.355648,South,Ballygunge
94,B.P. Poddar Hospital & Medical Research Limited,22.513624,88.331688,South,New Alipore
95,Shradha Health Care Private Limited,22.506782,88.332866,South,New Alipore
96,RSV Hospital Pvt. Ltd.,22.503157,88.344486,South,Tollygunge
97,Apollo Pharmacy Kolkata South City,22.506506,88.360001,South,Jadavpur
98,Medicine World,22.502679,88.357382,South,Jadavpur
99,M R Bangur Hospital (Emergency),22.4885,88.3536,South,Tollygunge
100,Dip Pharmacy,22.496767,88.368847,South,Jadavpur
101,KPC Medical College & Hospital,22.49398,88.373347,South,Jadavpur
102,Lifeline - Jadavpur,22.4901,88.372199,South,Jadavpur
103,Baghajatin State General Hospital,22.483092,88.375018,South,Baghajatin
104,IRIS MULTISPECIALITY HOSPITAL,22.480691,88.375425,South,Baghajatin
105,SREE GURU HOSPITAL,22.473794,88.368521,South,Naktala-garia
106,Tata 1mg Collection center,22.47314,88.368864,South,Naktala-garia
107,Vivekananda Pharmacy,22.466793,88.377646,South,Garia
108,Eureka Medicine Store,22.466017,88.377955,South,Garia
109,Behala Health Care Pharmacy,22.4948,88.3172,West,Behala
110,Netradeep Eye Hospital,22.48303,88.311184,West,Behala
111,Pratihar Nursing Home,22.500297,88.318072,West,Behala
112,Chowdhury Medical Store,22.499984,88.317402,West,Behala
113,Apollo Pharmacy Roy Bahadur Road,22.499807,88.324299,West,Behala
114,Skyline Pharmacy,22.49806,88.321077,West,Behala
115,MedPlus Satyen Roy Road,22.498035,88.320959,West,Behala
116,Kingko's pharmacy,22.499877,88.318439,West,Behala
117,U M R I   HOSPITAL,22.47821,88.312872,West,Behala
118,Doctor's CLINIC Dr. Koustav Roy,22.474971,88.307067,West,Behala
119,"ESI-PGIMSR, ESIC Medical College & Hospital",22.450233,88.300367,West,Joka
120,DM Hospitals Private Limited,22.466251,88.310474,West,Thakurpukur
121,"Narayana Hospital, Chunavati",22.56913,88.270409,Howrah,Mourigram
122,G S J Pharmacy,22.586497,88.284004,Howrah,Santragachi
123,Soham Drug Store,22.582408,88.289429,Howrah,Baksara
124,Baksara Medical Point,22.582439,88.289648,Howrah,Baksara
125,Sushila Medical,22.569661,88.318423,Howrah,Shibpur
126,Manna Homeo Remedy,22.570189,88.316934,Howrah,Shibpur
127,Apollo Pharmacy Mandirtala,22.572056,88.31711,Howrah,Shibpur
128,UPASHAM PHARMACY,22.572515,88.31715,Howrah,Shibpur
129,Peoples Meditreat,22.582754,88.322752,Howrah,Shibpur
130,Howrah Medicine Mart,22.5845,88.3402,Howrah,Maidan
131,Life medical store & pharmacy ,22.654807,88.341775,Howrah,Bally
132,MedPlus Goswami Para Road Bally,22.64863,88.345639,Howrah,Bally
133,Raat Deen Bally Medicine store,22.648174,88.350526,Howrah,Bally
134,Apollo Pharmacy Bally Bazar,22.648065,88.350488,Howrah,Bally
135,davaindia GENERIC PHARMACY ,22.643703,88.341413,Howrah,Bally
